Test.Abhijeet.Ni,Test1107!
Test.Acharrya.Ne,Test1107!
Test.Adam.Wo,Test1107!
Test.Adrian.By,Test1107!
Test.Alan.Fa,Test1107!
Test.Alan.Sa,Test1107!
Test.Aluri.Sr,Test1107!
Test.Amy.Co,Test1107!
Test.Andrew.Pa,Test1107!
Test.Anirudh.Ma,Test1107!
Test.Anish.Ku,Test1107!
Test.Aurn.Ea,Test1107!
Test.Bansal.Ra,Test1107!
Test.Bindu.Ro,Test1107!
Test.Brian.Mu,Test1107!
Test.Chaurasia.Ma,Test1107!
Test.Chhetri.Su,Test1107!
Test.Chor-Ming.Lu,Test1107!
Test.Christopher.Cl,Test1107!
Test.Christopher.Co,Test1107!
Test.Christopher.Fe,Test1107!
Test.Christopher.Kl,Test1107!
Test.Christopher.Wh,Test1107!
Test.Daniel.Na,Test1107!
Test.Daniel.Wi,Test1107!
Test.Darcy.Ad,Test1107!
Test.David.Gr,Test1107!
Test.Duane.Ja,Test1107!
Test.Edward.Bu,Test1107!
Test.Ellen.Ka,Test1107!
Test.Emily.Hu,Test1107!
Test.Forrest.Wa,Test1107!
Test.Fred.Ha,Test1107!
Test.Gagan.Go,Test1107!
Test.Gary.Gr,Test1107!
Test.Gloria.He,Test1107!
Test.Hassam.Sa,Test1107!
Test.Helen.Fi,Test1107!
Test.Hemant.Ch,Test1107!
Test.Hirohiko.Sa,Test1107!
Test.Iurii.Ca,Test1107!
Test.Jacquelin.Fr,Test1107!
Test.Jesse.Mo,Test1107!
Test.Jha.Ra,Test1107!
Test.John.Ca,Test1107!
Test.John.Li,Test1107!
Test.Jonathan.Hi,Test1107!
Test.Jose.El,Test1107!
Test.Jose.Vi,Test1107!
Test.Joshua.Bo,Test1107!
Test.Joshua.Ru,Test1107!
Test.Jude.Mc,Test1107!
Test.Kale.Da,Test1107!
Test.Kathy Caruso.La,Test1107!
Test.Krishnan.Mo,Test1107!
Test.Krishnan.Na,Test1107!
Test.Kulkarni.An,Test1107!
Test.Kulkarni.De,Test1107!
Test.Kunal.Bh,Test1107!
Test.Mark.Gr,Test1107!
Test.Masood.Mo,Test1107!
Test.Matthew.Gr,Test1107!
Test.Matthew.Mc,Test1107!
Test.Matthew.Me,Test1107!
Test.Matthew.Pa,Test1107!
Test.Matthew.Ri,Test1107!
Test.Maykarkar.Ma,Test1107!
Test.Michelle.Pa,Test1107!
Test.Nadia.Na,Test1107!
Test.Nagalakshmi.Sr,Test1107!
Test.Natalie.Pi,Test1107!
Test.Natallia.Ad,Test1107!
Test.Nicholas.Va,Test1107!
Test.Nidhi.Go,Test1107!
Test.Nigade.Ma,Test1107!
Test.Nitasha.Na,Test1107!
Test.Noman.Ja,Test1107!
Test.Norman.Ge,Test1107!
Test.Pankajkumar.An,Test1107!
Test.Paul H..Ol,Test1107!
Test.Peter.Ci,Test1107!
Test.Pina.Pa,Test1107!
Test.Praveen.Na,Test1107!
Test.Preethi.Da,Test1107!
Test.Raman.Su,Test1107!
Test.Raul.Am,Test1107!
Test.Richard.Pe,Test1107!
Test.Robin.Ta,Test1107!
Test.Rondee.Ko,Test1107!
Test.Rosy.Le,Test1107!
Test.Rufino.Ra,Test1107!
Test.Ruth.Ti,Test1107!
Test.Salini.Na,Test1107!
Test.Salini.Ra,Test1107!
Test.Sean.Co,Test1107!
Test.Selvakumar.Pa,Test1107!
Test.Shama.Qu,Test1107!
Test.Sharma.Si,Test1107!
Test.Shivhare.Aa,Test1107!
Test.Simon.Le,Test1107!
Test.Smitha.Ma,Test1107!
Test.Sobit.Th,Test1107!
Test.Stephen.Gi,Test1107!
Test.Stephen.Ke,Test1107!
Test.Sumit.Na,Test1107!
Test.Tim.Br,Test1107!
Test.Timothy.Yo,Test1107!
Test.Vairagar.Su,Test1107!
Test.Vasudeo.Ma,Test1107!
Test.Vivian.Se,Test1107!
Test.Wayne.La,Test1107!
Test.Weili.Ya,Test1107!
Test.William.Du,Test1107!
Test.William.Ly,Test1107!
Test.William.Ru,Test1107!
Test.Yale.Ma,Test1107!
Test.Yogita.Ga,Test1107!
Test.Ziba.Ro,Test1107!